Model,MAE,MSE,Precision,Recall,VI_users,VI_items
DP,0.8793092926529714,2.087141709360854,0.2777777777777778,0.7031659184436962,0.8012290893015493,0.9697207970662463
PY,0.8916383554055642,2.1905028768765415,0.27716049382716046,0.7061000213777993,0.8318773422778052,0.9385876217221447
GN,0.8833946754251105,2.110959579759788,0.2771604938271605,0.6959642723531613,0.8212820738425843,1.0623605255343627
DP_cov,0.8953048378473991,2.1957469097550475,0.27685185185185185,0.703026962749185,1.077139477975205,1.0704688224828713
PY_cov,0.8874039596423149,2.132765603852764,0.27839506172839507,0.7111498583720807,1.057645813370565,0.9432651536279877
GN_cov,0.8978492043242522,2.1979219285245906,0.27839506172839507,0.7093344155844156,1.1464413252341354,1.109315779412725
